[
  {
    "id": "vn-hanoi",
    "countryCode": "VN",
    "countryName": "Vietnam",
    "regionName": "North",
    "cityName": "Hanoi",
    "lat": 21.0285,
    "lon": 105.8542,
    "cityIata": "HAN",
    "destinationIata": "HAN",
    "isCoastal": false
  },
  {
    "id": "vn-haiphong",
    "countryCode": "VN",
    "countryName": "Vietnam",
    "regionName": "North Coast",
    "cityName": "Hai Phong",
    "lat": 20.8449,
    "lon": 106.6881,
    "cityIata": "HPH",
    "destinationIata": "HPH",
    "isCoastal": true
  },
  {
    "id": "vn-da-nang",
    "countryCode": "VN",
    "countryName": "Vietnam",
    "regionName": "Central",
    "cityName": "Da Nang",
    "lat": 16.0544,
    "lon": 108.2022,
    "cityIata": "DAD",
    "destinationIata": "DAD",
    "isCoastal": true
  },
  {
    "id": "vn-nha-trang",
    "countryCode": "VN",
    "countryName": "Vietnam",
    "regionName": "South Central Coast",
    "cityName": "Nha Trang",
    "lat": 12.2388,
    "lon": 109.1967,
    "cityIata": "CXR",
    "destinationIata": "CXR",
    "isCoastal": true
  },
  {
    "id": "vn-ho-chi-minh",
    "countryCode": "VN",
    "countryName": "Vietnam",
    "regionName": "South",
    "cityName": "Ho Chi Minh City",
    "lat": 10.8231,
    "lon": 106.6297,
    "cityIata": "SGN",
    "destinationIata": "SGN",
    "isCoastal": false
  },
  {
    "id": "th-bangkok",
    "countryCode": "TH",
    "countryName": "Thailand",
    "regionName": "Central",
    "cityName": "Bangkok",
    "lat": 13.7563,
    "lon": 100.5018,
    "cityIata": "BKK",
    "destinationIata": "BKK",
    "isCoastal": false
  },
  {
    "id": "th-chiang-mai",
    "countryCode": "TH",
    "countryName": "Thailand",
    "regionName": "North",
    "cityName": "Chiang Mai",
    "lat": 18.7883,
    "lon": 98.9853,
    "cityIata": "CNX",
    "destinationIata": "CNX",
    "isCoastal": false
  },
  {
    "id": "th-phuket",
    "countryCode": "TH",
    "countryName": "Thailand",
    "regionName": "South Andaman",
    "cityName": "Phuket",
    "lat": 7.8804,
    "lon": 98.3923,
    "cityIata": "HKT",
    "destinationIata": "HKT",
    "isCoastal": true
  },
  {
    "id": "th-krabi",
    "countryCode": "TH",
    "countryName": "Thailand",
    "regionName": "South Andaman",
    "cityName": "Krabi",
    "lat": 8.0863,
    "lon": 98.9063,
    "cityIata": "KBV",
    "destinationIata": "KBV",
    "isCoastal": true
  },
  {
    "id": "th-khon-kaen",
    "countryCode": "TH",
    "countryName": "Thailand",
    "regionName": "Isan",
    "cityName": "Khon Kaen",
    "lat": 16.4419,
    "lon": 102.835,
    "cityIata": "KKC",
    "destinationIata": "KKC",
    "isCoastal": false
  },
  {
    "id": "my-kuala-lumpur",
    "countryCode": "MY",
    "countryName": "Malaysia",
    "regionName": "Peninsular West",
    "cityName": "Kuala Lumpur",
    "lat": 3.139,
    "lon": 101.6869,
    "cityIata": "KUL",
    "destinationIata": "KUL",
    "isCoastal": false
  },
  {
    "id": "my-penang",
    "countryCode": "MY",
    "countryName": "Malaysia",
    "regionName": "Peninsular North",
    "cityName": "Penang",
    "lat": 5.4164,
    "lon": 100.3327,
    "cityIata": "PEN",
    "destinationIata": "PEN",
    "isCoastal": true
  },
  {
    "id": "my-kota-bharu",
    "countryCode": "MY",
    "countryName": "Malaysia",
    "regionName": "Peninsular East",
    "cityName": "Kota Bharu",
    "lat": 6.1254,
    "lon": 102.238,
    "cityIata": "KBR",
    "destinationIata": "KBR",
    "isCoastal": true
  },
  {
    "id": "my-kota-kinabalu",
    "countryCode": "MY",
    "countryName": "Malaysia",
    "regionName": "Borneo North",
    "cityName": "Kota Kinabalu",
    "lat": 5.9804,
    "lon": 116.0735,
    "cityIata": "BKI",
    "destinationIata": "BKI",
    "isCoastal": true
  },
  {
    "id": "my-kuching",
    "countryCode": "MY",
    "countryName": "Malaysia",
    "regionName": "Borneo West",
    "cityName": "Kuching",
    "lat": 1.5533,
    "lon": 110.3592,
    "cityIata": "KCH",
    "destinationIata": "KCH",
    "isCoastal": true
  },
  {
    "id": "id-jakarta",
    "countryCode": "ID",
    "countryName": "Indonesia",
    "regionName": "Java West",
    "cityName": "Jakarta",
    "lat": -6.2088,
    "lon": 106.8456,
    "cityIata": "JKT",
    "destinationIata": "CGK",
    "isCoastal": true
  },
  {
    "id": "id-surabaya",
    "countryCode": "ID",
    "countryName": "Indonesia",
    "regionName": "Java East",
    "cityName": "Surabaya",
    "lat": -7.2575,
    "lon": 112.7521,
    "cityIata": "SUB",
    "destinationIata": "SUB",
    "isCoastal": true
  },
  {
    "id": "id-yogyakarta",
    "countryCode": "ID",
    "countryName": "Indonesia",
    "regionName": "Java Central",
    "cityName": "Yogyakarta",
    "lat": -7.7956,
    "lon": 110.3695,
    "cityIata": "YIA",
    "destinationIata": "YIA",
    "isCoastal": true
  },
  {
    "id": "id-medan",
    "countryCode": "ID",
    "countryName": "Indonesia",
    "regionName": "Sumatra North",
    "cityName": "Medan",
    "lat": 3.5952,
    "lon": 98.6722,
    "cityIata": "KNO",
    "destinationIata": "KNO",
    "isCoastal": false
  },
  {
    "id": "id-denpasar",
    "countryCode": "ID",
    "countryName": "Indonesia",
    "regionName": "Bali",
    "cityName": "Denpasar",
    "lat": -8.65,
    "lon": 115.2167,
    "cityIata": "DPS",
    "destinationIata": "DPS",
    "isCoastal": true
  },
  {
    "id": "id-lombok",
    "countryCode": "ID",
    "countryName": "Indonesia",
    "regionName": "Nusa Tenggara",
    "cityName": "Lombok",
    "lat": -8.65,
    "lon": 116.3249,
    "cityIata": "LOP",
    "destinationIata": "LOP",
    "isCoastal": true
  },
  {
    "id": "id-balikpapan",
    "countryCode": "ID",
    "countryName": "Indonesia",
    "regionName": "Kalimantan East",
    "cityName": "Balikpapan",
    "lat": -1.2654,
    "lon": 116.8312,
    "cityIata": "BPN",
    "destinationIata": "BPN",
    "isCoastal": true
  },
  {
    "id": "id-makassar",
    "countryCode": "ID",
    "countryName": "Indonesia",
    "regionName": "Sulawesi South",
    "cityName": "Makassar",
    "lat": -5.1477,
    "lon": 119.4327,
    "cityIata": "UPG",
    "destinationIata": "UPG",
    "isCoastal": true
  },
  {
    "id": "id-jayapura",
    "countryCode": "ID",
    "countryName": "Indonesia",
    "regionName": "Papua North",
    "cityName": "Jayapura",
    "lat": -2.5337,
    "lon": 140.7181,
    "cityIata": "DJJ",
    "destinationIata": "DJJ",
    "isCoastal": true
  },
  {
    "id": "ph-manila",
    "countryCode": "PH",
    "countryName": "Philippines",
    "regionName": "Luzon",
    "cityName": "Manila",
    "lat": 14.5995,
    "lon": 120.9842,
    "cityIata": "MNL",
    "destinationIata": "MNL",
    "isCoastal": true
  },
  {
    "id": "ph-cebu",
    "countryCode": "PH",
    "countryName": "Philippines",
    "regionName": "Visayas",
    "cityName": "Cebu",
    "lat": 10.3157,
    "lon": 123.8854,
    "cityIata": "CEB",
    "destinationIata": "CEB",
    "isCoastal": true
  },
  {
    "id": "ph-davao",
    "countryCode": "PH",
    "countryName": "Philippines",
    "regionName": "Mindanao South",
    "cityName": "Davao",
    "lat": 7.1907,
    "lon": 125.4553,
    "cityIata": "DVO",
    "destinationIata": "DVO",
    "isCoastal": true
  },
  {
    "id": "ph-puerto-princesa",
    "countryCode": "PH",
    "countryName": "Philippines",
    "regionName": "Palawan",
    "cityName": "Puerto Princesa",
    "lat": 9.7392,
    "lon": 118.7353,
    "cityIata": "PPS",
    "destinationIata": "PPS",
    "isCoastal": true
  },
  {
    "id": "ph-iloilo",
    "countryCode": "PH",
    "countryName": "Philippines",
    "regionName": "Visayas West",
    "cityName": "Iloilo",
    "lat": 10.7202,
    "lon": 122.5621,
    "cityIata": "ILO",
    "destinationIata": "ILO",
    "isCoastal": true
  },
  {
    "id": "sg-singapore",
    "countryCode": "SG",
    "countryName": "Singapore",
    "regionName": "City-State",
    "cityName": "Singapore",
    "lat": 1.3521,
    "lon": 103.8198,
    "cityIata": "SIN",
    "destinationIata": "SIN",
    "isCoastal": true
  },
  {
    "id": "bn-bandar-seri-begawan",
    "countryCode": "BN",
    "countryName": "Brunei",
    "regionName": "Brunei-Muara",
    "cityName": "Bandar Seri Begawan",
    "lat": 4.9031,
    "lon": 114.9398,
    "cityIata": "BWN",
    "destinationIata": "BWN",
    "isCoastal": true
  },
  {
    "id": "kh-phnom-penh",
    "countryCode": "KH",
    "countryName": "Cambodia",
    "regionName": "Central Plains",
    "cityName": "Phnom Penh",
    "lat": 11.5564,
    "lon": 104.9282,
    "cityIata": "PNH",
    "destinationIata": "PNH",
    "isCoastal": false
  },
  {
    "id": "kh-siem-reap",
    "countryCode": "KH",
    "countryName": "Cambodia",
    "regionName": "Northwest",
    "cityName": "Siem Reap",
    "lat": 13.3671,
    "lon": 103.8448,
    "cityIata": "SAI",
    "destinationIata": "SAI",
    "isCoastal": false
  },
  {
    "id": "kh-sihanoukville",
    "countryCode": "KH",
    "countryName": "Cambodia",
    "regionName": "South Coast",
    "cityName": "Sihanoukville",
    "lat": 10.625,
    "lon": 103.523,
    "cityIata": "KOS",
    "destinationIata": "KOS",
    "isCoastal": true
  },
  {
    "id": "la-vientiane",
    "countryCode": "LA",
    "countryName": "Laos",
    "regionName": "Mekong Plains",
    "cityName": "Vientiane",
    "lat": 17.9757,
    "lon": 102.6331,
    "cityIata": "VTE",
    "destinationIata": "VTE",
    "isCoastal": false
  },
  {
    "id": "la-luang-prabang",
    "countryCode": "LA",
    "countryName": "Laos",
    "regionName": "Northern Highlands",
    "cityName": "Luang Prabang",
    "lat": 19.885,
    "lon": 102.134,
    "cityIata": "LPQ",
    "destinationIata": "LPQ",
    "isCoastal": false
  },
  {
    "id": "mm-yangon",
    "countryCode": "MM",
    "countryName": "Myanmar",
    "regionName": "Delta",
    "cityName": "Yangon",
    "lat": 16.8409,
    "lon": 96.1735,
    "cityIata": "RGN",
    "destinationIata": "RGN",
    "isCoastal": true
  },
  {
    "id": "mm-mandalay",
    "countryCode": "MM",
    "countryName": "Myanmar",
    "regionName": "Central Dry Zone",
    "cityName": "Mandalay",
    "lat": 21.9588,
    "lon": 96.0891,
    "cityIata": "MDL",
    "destinationIata": "MDL",
    "isCoastal": false
  },
  {
    "id": "mm-bagan",
    "countryCode": "MM",
    "countryName": "Myanmar",
    "regionName": "Central Plains",
    "cityName": "Bagan",
    "lat": 21.1717,
    "lon": 94.8585,
    "cityIata": "NYU",
    "destinationIata": "NYU",
    "isCoastal": false
  },
  {
    "id": "tl-dili",
    "countryCode": "TL",
    "countryName": "Timor-Leste",
    "regionName": "North Coast",
    "cityName": "Dili",
    "lat": -8.5569,
    "lon": 125.5603,
    "cityIata": "DIL",
    "destinationIata": "DIL",
    "isCoastal": true
  },
  {
    "id": "lk-colombo",
    "countryCode": "LK",
    "countryName": "Sri Lanka",
    "regionName": "Western Coast",
    "cityName": "Colombo",
    "lat": 6.9271,
    "lon": 79.8612,
    "cityIata": "CMB",
    "destinationIata": "CMB",
    "isCoastal": true
  },
  {
    "id": "lk-galle",
    "countryCode": "LK",
    "countryName": "Sri Lanka",
    "regionName": "Southern Coast",
    "cityName": "Galle",
    "lat": 6.0535,
    "lon": 80.221,
    "cityIata": "KCT",
    "destinationIata": "KCT",
    "isCoastal": true
  },
  {
    "id": "lk-kandy",
    "countryCode": "LK",
    "countryName": "Sri Lanka",
    "regionName": "Central Highlands",
    "cityName": "Kandy",
    "lat": 7.2906,
    "lon": 80.6337,
    "cityIata": "KDW",
    "destinationIata": "KDW",
    "isCoastal": false
  },
  {
    "id": "lk-trincomalee",
    "countryCode": "LK",
    "countryName": "Sri Lanka",
    "regionName": "Eastern Coast",
    "cityName": "Trincomalee",
    "lat": 8.5874,
    "lon": 81.2152,
    "cityIata": "TRR",
    "destinationIata": "TRR",
    "isCoastal": true
  },
  {
    "id": "lk-jaffna",
    "countryCode": "LK",
    "countryName": "Sri Lanka",
    "regionName": "Northern Peninsula",
    "cityName": "Jaffna",
    "lat": 9.6615,
    "lon": 80.0255,
    "cityIata": "JAF",
    "destinationIata": "JAF",
    "isCoastal": true
  },
  {
    "id": "jp-tokyo",
    "countryCode": "JP",
    "countryName": "Japan",
    "regionName": "Kanto",
    "cityName": "Tokyo",
    "lat": 35.6762,
    "lon": 139.6503,
    "cityIata": "TYO",
    "destinationIata": "HND",
    "isCoastal": true
  },
  {
    "id": "jp-osaka",
    "countryCode": "JP",
    "countryName": "Japan",
    "regionName": "Kansai",
    "cityName": "Osaka",
    "lat": 34.6937,
    "lon": 135.5023,
    "cityIata": "OSA",
    "destinationIata": "KIX",
    "isCoastal": true
  },
  {
    "id": "jp-sapporo",
    "countryCode": "JP",
    "countryName": "Japan",
    "regionName": "Hokkaido",
    "cityName": "Sapporo",
    "lat": 43.0618,
    "lon": 141.3545,
    "cityIata": "SPK",
    "destinationIata": "CTS",
    "isCoastal": true
  },
  {
    "id": "jp-fukuoka",
    "countryCode": "JP",
    "countryName": "Japan",
    "regionName": "Kyushu North",
    "cityName": "Fukuoka",
    "lat": 33.5902,
    "lon": 130.4017,
    "cityIata": "FUK",
    "destinationIata": "FUK",
    "isCoastal": true
  },
  {
    "id": "jp-naha",
    "countryCode": "JP",
    "countryName": "Japan",
    "regionName": "Okinawa",
    "cityName": "Naha",
    "lat": 26.2124,
    "lon": 127.6809,
    "cityIata": "OKA",
    "destinationIata": "OKA",
    "isCoastal": true
  },
  {
    "id": "at-vienna",
    "countryCode": "AT",
    "countryName": "Austria",
    "regionName": "Eastern Plains",
    "cityName": "Vienna",
    "lat": 48.2082,
    "lon": 16.3738,
    "cityIata": "VIE",
    "destinationIata": "VIE",
    "isCoastal": false
  },
  {
    "id": "at-salzburg",
    "countryCode": "AT",
    "countryName": "Austria",
    "regionName": "Alpine North",
    "cityName": "Salzburg",
    "lat": 47.8095,
    "lon": 13.055,
    "cityIata": "SZG",
    "destinationIata": "SZG",
    "isCoastal": false
  },
  {
    "id": "at-innsbruck",
    "countryCode": "AT",
    "countryName": "Austria",
    "regionName": "Tyrol Alps",
    "cityName": "Innsbruck",
    "lat": 47.2692,
    "lon": 11.4041,
    "cityIata": "INN",
    "destinationIata": "INN",
    "isCoastal": false
  },
  {
    "id": "at-graz",
    "countryCode": "AT",
    "countryName": "Austria",
    "regionName": "Styria South",
    "cityName": "Graz",
    "lat": 47.0707,
    "lon": 15.4395,
    "cityIata": "GRZ",
    "destinationIata": "GRZ",
    "isCoastal": false
  },
  {
    "id": "at-klagenfurt",
    "countryCode": "AT",
    "countryName": "Austria",
    "regionName": "Carinthia Lakes",
    "cityName": "Klagenfurt",
    "lat": 46.6365,
    "lon": 14.3122,
    "cityIata": "KLU",
    "destinationIata": "KLU",
    "isCoastal": false
  },
  {
    "id": "es-madrid",
    "countryCode": "ES",
    "countryName": "Spain",
    "regionName": "Central Plateau",
    "cityName": "Madrid",
    "lat": 40.4168,
    "lon": -3.7038,
    "cityIata": "MAD",
    "destinationIata": "MAD",
    "isCoastal": false
  },
  {
    "id": "es-barcelona",
    "countryCode": "ES",
    "countryName": "Spain",
    "regionName": "Mediterranean Coast",
    "cityName": "Barcelona",
    "lat": 41.3874,
    "lon": 2.1686,
    "cityIata": "BCN",
    "destinationIata": "BCN",
    "isCoastal": true
  },
  {
    "id": "es-valencia",
    "countryCode": "ES",
    "countryName": "Spain",
    "regionName": "Mediterranean Coast",
    "cityName": "Valencia",
    "lat": 39.4699,
    "lon": -0.3763,
    "cityIata": "VLC",
    "destinationIata": "VLC",
    "isCoastal": true
  },
  {
    "id": "es-seville",
    "countryCode": "ES",
    "countryName": "Spain",
    "regionName": "Andalusia Inland",
    "cityName": "Seville",
    "lat": 37.3891,
    "lon": -5.9845,
    "cityIata": "SVQ",
    "destinationIata": "SVQ",
    "isCoastal": false
  },
  {
    "id": "es-malaga",
    "countryCode": "ES",
    "countryName": "Spain",
    "regionName": "Costa del Sol",
    "cityName": "Malaga",
    "lat": 36.7213,
    "lon": -4.4214,
    "cityIata": "AGP",
    "destinationIata": "AGP",
    "isCoastal": true
  },
  {
    "id": "es-palma",
    "countryCode": "ES",
    "countryName": "Spain",
    "regionName": "Balearic Islands",
    "cityName": "Palma",
    "lat": 39.5696,
    "lon": 2.6502,
    "cityIata": "PMI",
    "destinationIata": "PMI",
    "isCoastal": true
  },
  {
    "id": "es-bilbao",
    "countryCode": "ES",
    "countryName": "Spain",
    "regionName": "Bay of Biscay",
    "cityName": "Bilbao",
    "lat": 43.263,
    "lon": -2.935,
    "cityIata": "BIO",
    "destinationIata": "BIO",
    "isCoastal": true
  },
  {
    "id": "ma-casablanca",
    "countryCode": "MA",
    "countryName": "Morocco",
    "regionName": "Atlantic North",
    "cityName": "Casablanca",
    "lat": 33.5731,
    "lon": -7.5898,
    "cityIata": "CMN",
    "destinationIata": "CMN",
    "isCoastal": true
  },
  {
    "id": "ma-marrakesh",
    "countryCode": "MA",
    "countryName": "Morocco",
    "regionName": "Inland Atlas",
    "cityName": "Marrakesh",
    "lat": 31.6295,
    "lon": -7.9811,
    "cityIata": "RAK",
    "destinationIata": "RAK",
    "isCoastal": false
  },
  {
    "id": "ma-tangier",
    "countryCode": "MA",
    "countryName": "Morocco",
    "regionName": "Strait Coast",
    "cityName": "Tangier",
    "lat": 35.7595,
    "lon": -5.834,
    "cityIata": "TNG",
    "destinationIata": "TNG",
    "isCoastal": true
  },
  {
    "id": "ma-agadir",
    "countryCode": "MA",
    "countryName": "Morocco",
    "regionName": "Atlantic South",
    "cityName": "Agadir",
    "lat": 30.4278,
    "lon": -9.5981,
    "cityIata": "AGA",
    "destinationIata": "AGA",
    "isCoastal": true
  },
  {
    "id": "ma-fes",
    "countryCode": "MA",
    "countryName": "Morocco",
    "regionName": "Inland North",
    "cityName": "Fes",
    "lat": 34.0181,
    "lon": -5.0078,
    "cityIata": "FEZ",
    "destinationIata": "FEZ",
    "isCoastal": false
  },
  {
    "id": "ma-rabat",
    "countryCode": "MA",
    "countryName": "Morocco",
    "regionName": "Atlantic Capital Coast",
    "cityName": "Rabat",
    "lat": 34.0209,
    "lon": -6.8416,
    "cityIata": "RBA",
    "destinationIata": "RBA",
    "isCoastal": true
  },
  {
    "id": "kr-seoul",
    "countryCode": "KR",
    "countryName": "South Korea",
    "regionName": "Capital Region",
    "cityName": "Seoul",
    "lat": 37.5665,
    "lon": 126.978,
    "cityIata": "SEL",
    "destinationIata": "GMP",
    "isCoastal": false
  },
  {
    "id": "kr-busan",
    "countryCode": "KR",
    "countryName": "South Korea",
    "regionName": "Southeast Coast",
    "cityName": "Busan",
    "lat": 35.1796,
    "lon": 129.0756,
    "cityIata": "PUS",
    "destinationIata": "PUS",
    "isCoastal": true
  },
  {
    "id": "kr-jeju",
    "countryCode": "KR",
    "countryName": "South Korea",
    "regionName": "Jeju Island",
    "cityName": "Jeju",
    "lat": 33.4996,
    "lon": 126.5312,
    "cityIata": "CJU",
    "destinationIata": "CJU",
    "isCoastal": true
  },
  {
    "id": "kr-daegu",
    "countryCode": "KR",
    "countryName": "South Korea",
    "regionName": "Inland Southeast",
    "cityName": "Daegu",
    "lat": 35.8714,
    "lon": 128.6014,
    "cityIata": "TAE",
    "destinationIata": "TAE",
    "isCoastal": false
  },
  {
    "id": "kr-gangneung",
    "countryCode": "KR",
    "countryName": "South Korea",
    "regionName": "East Coast",
    "cityName": "Gangneung",
    "lat": 37.7519,
    "lon": 128.8761,
    "cityIata": "YNY",
    "destinationIata": "YNY",
    "isCoastal": true
  },
  {
    "id": "cn-beijing",
    "countryCode": "CN",
    "countryName": "China",
    "regionName": "North China Plain",
    "cityName": "Beijing",
    "lat": 39.9042,
    "lon": 116.4074,
    "cityIata": "BJS",
    "destinationIata": "PEK",
    "isCoastal": false
  },
  {
    "id": "cn-shanghai",
    "countryCode": "CN",
    "countryName": "China",
    "regionName": "Yangtze Delta Coast",
    "cityName": "Shanghai",
    "lat": 31.2304,
    "lon": 121.4737,
    "cityIata": "SHA",
    "destinationIata": "PVG",
    "isCoastal": true
  },
  {
    "id": "cn-guangzhou",
    "countryCode": "CN",
    "countryName": "China",
    "regionName": "Pearl River Delta",
    "cityName": "Guangzhou",
    "lat": 23.1291,
    "lon": 113.2644,
    "cityIata": "CAN",
    "destinationIata": "CAN",
    "isCoastal": true
  },
  {
    "id": "cn-shenzhen",
    "countryCode": "CN",
    "countryName": "China",
    "regionName": "Pearl River Delta Coast",
    "cityName": "Shenzhen",
    "lat": 22.5431,
    "lon": 114.0579,
    "cityIata": "SZX",
    "destinationIata": "SZX",
    "isCoastal": true
  },
  {
    "id": "cn-chengdu",
    "countryCode": "CN",
    "countryName": "China",
    "regionName": "Sichuan Basin",
    "cityName": "Chengdu",
    "lat": 30.5728,
    "lon": 104.0668,
    "cityIata": "CTU",
    "destinationIata": "CTU",
    "isCoastal": false
  },
  {
    "id": "cn-xian",
    "countryCode": "CN",
    "countryName": "China",
    "regionName": "Central Inland",
    "cityName": "Xi'an",
    "lat": 34.3416,
    "lon": 108.9398,
    "cityIata": "XIY",
    "destinationIata": "XIY",
    "isCoastal": false
  },
  {
    "id": "cn-harbin",
    "countryCode": "CN",
    "countryName": "China",
    "regionName": "Northeast",
    "cityName": "Harbin",
    "lat": 45.8038,
    "lon": 126.5349,
    "cityIata": "HRB",
    "destinationIata": "HRB",
    "isCoastal": false
  },
  {
    "id": "cn-kunming",
    "countryCode": "CN",
    "countryName": "China",
    "regionName": "Yunnan Highlands",
    "cityName": "Kunming",
    "lat": 25.0389,
    "lon": 102.7183,
    "cityIata": "KMG",
    "destinationIata": "KMG",
    "isCoastal": false
  },
  {
    "id": "cn-sanya",
    "countryCode": "CN",
    "countryName": "China",
    "regionName": "Hainan Tropical Coast",
    "cityName": "Sanya",
    "lat": 18.2528,
    "lon": 109.5119,
    "cityIata": "SYX",
    "destinationIata": "SYX",
    "isCoastal": true
  },
  {
    "id": "cn-hangzhou",
    "countryCode": "CN",
    "countryName": "China",
    "regionName": "Yangtze Delta Inland",
    "cityName": "Hangzhou",
    "lat": 30.2741,
    "lon": 120.1551,
    "cityIata": "HGH",
    "destinationIata": "HGH",
    "isCoastal": false
  },
  {
    "id": "tw-taipei",
    "countryCode": "TW",
    "countryName": "Taiwan",
    "regionName": "North Taiwan",
    "cityName": "Taipei",
    "lat": 25.033,
    "lon": 121.5654,
    "cityIata": "TPE",
    "destinationIata": "TPE",
    "isCoastal": true
  },
  {
    "id": "tw-taichung",
    "countryCode": "TW",
    "countryName": "Taiwan",
    "regionName": "Central West",
    "cityName": "Taichung",
    "lat": 24.1477,
    "lon": 120.6736,
    "cityIata": "RMQ",
    "destinationIata": "RMQ",
    "isCoastal": true
  },
  {
    "id": "tw-kaohsiung",
    "countryCode": "TW",
    "countryName": "Taiwan",
    "regionName": "South Taiwan",
    "cityName": "Kaohsiung",
    "lat": 22.6273,
    "lon": 120.3014,
    "cityIata": "KHH",
    "destinationIata": "KHH",
    "isCoastal": true
  },
  {
    "id": "tw-hualien",
    "countryCode": "TW",
    "countryName": "Taiwan",
    "regionName": "East Taiwan",
    "cityName": "Hualien",
    "lat": 23.9872,
    "lon": 121.6015,
    "cityIata": "HUN",
    "destinationIata": "HUN",
    "isCoastal": true
  },
  {
    "id": "tw-tainan",
    "countryCode": "TW",
    "countryName": "Taiwan",
    "regionName": "Southwest Taiwan",
    "cityName": "Tainan",
    "lat": 22.9999,
    "lon": 120.227,
    "cityIata": "TNN",
    "destinationIata": "TNN",
    "isCoastal": true
  },
  {
    "id": "au-sydney",
    "countryCode": "AU",
    "countryName": "Australia",
    "regionName": "New South Wales Coast",
    "cityName": "Sydney",
    "lat": -33.8688,
    "lon": 151.2093,
    "cityIata": "SYD",
    "destinationIata": "SYD",
    "isCoastal": true
  },
  {
    "id": "au-melbourne",
    "countryCode": "AU",
    "countryName": "Australia",
    "regionName": "Victoria South",
    "cityName": "Melbourne",
    "lat": -37.8136,
    "lon": 144.9631,
    "cityIata": "MEL",
    "destinationIata": "MEL",
    "isCoastal": true
  },
  {
    "id": "au-brisbane",
    "countryCode": "AU",
    "countryName": "Australia",
    "regionName": "Queensland Southeast",
    "cityName": "Brisbane",
    "lat": -27.4698,
    "lon": 153.0251,
    "cityIata": "BNE",
    "destinationIata": "BNE",
    "isCoastal": true
  },
  {
    "id": "au-perth",
    "countryCode": "AU",
    "countryName": "Australia",
    "regionName": "Western Australia Southwest",
    "cityName": "Perth",
    "lat": -31.9523,
    "lon": 115.8613,
    "cityIata": "PER",
    "destinationIata": "PER",
    "isCoastal": true
  },
  {
    "id": "au-cairns",
    "countryCode": "AU",
    "countryName": "Australia",
    "regionName": "Tropical North Queensland",
    "cityName": "Cairns",
    "lat": -16.9203,
    "lon": 145.771,
    "cityIata": "CNS",
    "destinationIata": "CNS",
    "isCoastal": true
  },
  {
    "id": "au-adelaide",
    "countryCode": "AU",
    "countryName": "Australia",
    "regionName": "South Australia Coast",
    "cityName": "Adelaide",
    "lat": -34.9285,
    "lon": 138.6007,
    "cityIata": "ADL",
    "destinationIata": "ADL",
    "isCoastal": true
  },
  {
    "id": "au-darwin",
    "countryCode": "AU",
    "countryName": "Australia",
    "regionName": "Top End Tropical",
    "cityName": "Darwin",
    "lat": -12.4634,
    "lon": 130.8456,
    "cityIata": "DRW",
    "destinationIata": "DRW",
    "isCoastal": true
  },
  {
    "id": "au-hobart",
    "countryCode": "AU",
    "countryName": "Australia",
    "regionName": "Tasmania South",
    "cityName": "Hobart",
    "lat": -42.8821,
    "lon": 147.3272,
    "cityIata": "HBA",
    "destinationIata": "HBA",
    "isCoastal": true
  },
  {
    "id": "au-gold-coast",
    "countryCode": "AU",
    "countryName": "Australia",
    "regionName": "Queensland Coast",
    "cityName": "Gold Coast",
    "lat": -28.0167,
    "lon": 153.4,
    "cityIata": "OOL",
    "destinationIata": "OOL",
    "isCoastal": true
  },
  {
    "id": "nz-auckland",
    "countryCode": "NZ",
    "countryName": "New Zealand",
    "regionName": "North Island North",
    "cityName": "Auckland",
    "lat": -36.8485,
    "lon": 174.7633,
    "cityIata": "AKL",
    "destinationIata": "AKL",
    "isCoastal": true
  },
  {
    "id": "nz-wellington",
    "countryCode": "NZ",
    "countryName": "New Zealand",
    "regionName": "North Island South",
    "cityName": "Wellington",
    "lat": -41.2866,
    "lon": 174.7762,
    "cityIata": "WLG",
    "destinationIata": "WLG",
    "isCoastal": true
  },
  {
    "id": "nz-christchurch",
    "countryCode": "NZ",
    "countryName": "New Zealand",
    "regionName": "South Island East",
    "cityName": "Christchurch",
    "lat": -43.5321,
    "lon": 172.6362,
    "cityIata": "CHC",
    "destinationIata": "CHC",
    "isCoastal": true
  },
  {
    "id": "nz-queenstown",
    "countryCode": "NZ",
    "countryName": "New Zealand",
    "regionName": "South Island Lakes",
    "cityName": "Queenstown",
    "lat": -45.0312,
    "lon": 168.6626,
    "cityIata": "ZQN",
    "destinationIata": "ZQN",
    "isCoastal": false
  },
  {
    "id": "nz-dunedin",
    "countryCode": "NZ",
    "countryName": "New Zealand",
    "regionName": "South Island Southeast",
    "cityName": "Dunedin",
    "lat": -45.8788,
    "lon": 170.5028,
    "cityIata": "DUD",
    "destinationIata": "DUD",
    "isCoastal": true
  },
  {
    "id": "nz-rotorua",
    "countryCode": "NZ",
    "countryName": "New Zealand",
    "regionName": "North Island Inland",
    "cityName": "Rotorua",
    "lat": -38.1368,
    "lon": 176.2497,
    "cityIata": "ROT",
    "destinationIata": "ROT",
    "isCoastal": false
  },
  {
    "id": "is-reykjavik",
    "countryCode": "IS",
    "countryName": "Iceland",
    "regionName": "Southwest Coast",
    "cityName": "Reykjavik",
    "lat": 64.1466,
    "lon": -21.9426,
    "cityIata": "REK",
    "destinationIata": "KEF",
    "isCoastal": true
  },
  {
    "id": "no-tromso",
    "countryCode": "NO",
    "countryName": "Norway",
    "regionName": "Arctic North",
    "cityName": "Tromso",
    "lat": 69.6492,
    "lon": 18.9553,
    "cityIata": "TOS",
    "destinationIata": "TOS",
    "isCoastal": true
  },
  {
    "id": "fi-helsinki",
    "countryCode": "FI",
    "countryName": "Finland",
    "regionName": "Southern Coast",
    "cityName": "Helsinki",
    "lat": 60.1699,
    "lon": 24.9384,
    "cityIata": "HEL",
    "destinationIata": "HEL",
    "isCoastal": true
  },
  {
    "id": "ca-vancouver",
    "countryCode": "CA",
    "countryName": "Canada",
    "regionName": "Pacific Coast",
    "cityName": "Vancouver",
    "lat": 49.2827,
    "lon": -123.1207,
    "cityIata": "YVR",
    "destinationIata": "YVR",
    "isCoastal": true
  },
  {
    "id": "ca-calgary",
    "countryCode": "CA",
    "countryName": "Canada",
    "regionName": "Prairie Foothills",
    "cityName": "Calgary",
    "lat": 51.0447,
    "lon": -114.0719,
    "cityIata": "YYC",
    "destinationIata": "YYC",
    "isCoastal": false
  },
  {
    "id": "us-anchorage",
    "countryCode": "US",
    "countryName": "United States",
    "regionName": "Alaska Southcentral",
    "cityName": "Anchorage",
    "lat": 61.2181,
    "lon": -149.9003,
    "cityIata": "ANC",
    "destinationIata": "ANC",
    "isCoastal": true
  },
  {
    "id": "ae-dubai",
    "countryCode": "AE",
    "countryName": "United Arab Emirates",
    "regionName": "Gulf Coast",
    "cityName": "Dubai",
    "lat": 25.2048,
    "lon": 55.2708,
    "cityIata": "DXB",
    "destinationIata": "DXB",
    "isCoastal": true
  },
  {
    "id": "sa-riyadh",
    "countryCode": "SA",
    "countryName": "Saudi Arabia",
    "regionName": "Central Desert",
    "cityName": "Riyadh",
    "lat": 24.7136,
    "lon": 46.6753,
    "cityIata": "RUH",
    "destinationIata": "RUH",
    "isCoastal": false
  },
  {
    "id": "cl-santiago",
    "countryCode": "CL",
    "countryName": "Chile",
    "regionName": "Central Valley",
    "cityName": "Santiago",
    "lat": -33.4489,
    "lon": -70.6693,
    "cityIata": "SCL",
    "destinationIata": "SCL",
    "isCoastal": false
  },
  {
    "id": "cl-punta-arenas",
    "countryCode": "CL",
    "countryName": "Chile",
    "regionName": "Patagonia South",
    "cityName": "Punta Arenas",
    "lat": -53.1638,
    "lon": -70.9171,
    "cityIata": "PUQ",
    "destinationIata": "PUQ",
    "isCoastal": true
  },
  {
    "id": "ar-buenos-aires",
    "countryCode": "AR",
    "countryName": "Argentina",
    "regionName": "Rio de la Plata",
    "cityName": "Buenos Aires",
    "lat": -34.6037,
    "lon": -58.3816,
    "cityIata": "BUE",
    "destinationIata": "EZE",
    "isCoastal": true
  },
  {
    "id": "au-alice-springs",
    "countryCode": "AU",
    "countryName": "Australia",
    "regionName": "Central Desert",
    "cityName": "Alice Springs",
    "lat": -23.698,
    "lon": 133.8807,
    "cityIata": "ASP",
    "destinationIata": "ASP",
    "isCoastal": false
  },
  {
    "id": "es-las-palmas",
    "countryCode": "ES",
    "countryName": "Spain",
    "regionName": "Canary Islands",
    "cityName": "Las Palmas",
    "lat": 28.1235,
    "lon": -15.4363,
    "cityIata": "LPA",
    "destinationIata": "LPA",
    "isCoastal": true
  },
  {
    "id": "cn-urumqi",
    "countryCode": "CN",
    "countryName": "China",
    "regionName": "Xinjiang Inland",
    "cityName": "Urumqi",
    "lat": 43.8256,
    "lon": 87.6168,
    "cityIata": "URC",
    "destinationIata": "URC",
    "isCoastal": false
  },
  {
    "id": "cn-lhasa",
    "countryCode": "CN",
    "countryName": "China",
    "regionName": "Tibetan Plateau",
    "cityName": "Lhasa",
    "lat": 29.652,
    "lon": 91.1721,
    "cityIata": "LXA",
    "destinationIata": "LXA",
    "isCoastal": false
  },
  {
    "id": "br-sao-paulo",
    "countryCode": "BR",
    "countryName": "Brazil",
    "regionName": "Southeast Inland",
    "cityName": "Sao Paulo",
    "lat": -23.5505,
    "lon": -46.6333,
    "cityIata": "SAO",
    "destinationIata": "GRU",
    "isCoastal": false
  },
  {
    "id": "br-rio-de-janeiro",
    "countryCode": "BR",
    "countryName": "Brazil",
    "regionName": "Southeast Coast",
    "cityName": "Rio de Janeiro",
    "lat": -22.9068,
    "lon": -43.1729,
    "cityIata": "RIO",
    "destinationIata": "GIG",
    "isCoastal": true
  },
  {
    "id": "br-salvador",
    "countryCode": "BR",
    "countryName": "Brazil",
    "regionName": "Northeast Coast",
    "cityName": "Salvador",
    "lat": -12.9777,
    "lon": -38.5016,
    "cityIata": "SSA",
    "destinationIata": "SSA",
    "isCoastal": true
  },
  {
    "id": "br-manaus",
    "countryCode": "BR",
    "countryName": "Brazil",
    "regionName": "Amazon Basin",
    "cityName": "Manaus",
    "lat": -3.119,
    "lon": -60.0217,
    "cityIata": "MAO",
    "destinationIata": "MAO",
    "isCoastal": false
  },
  {
    "id": "br-porto-alegre",
    "countryCode": "BR",
    "countryName": "Brazil",
    "regionName": "South Temperate",
    "cityName": "Porto Alegre",
    "lat": -30.0346,
    "lon": -51.2177,
    "cityIata": "POA",
    "destinationIata": "POA",
    "isCoastal": false
  },
  {
    "id": "mx-mexico-city",
    "countryCode": "MX",
    "countryName": "Mexico",
    "regionName": "Central Highlands",
    "cityName": "Mexico City",
    "lat": 19.4326,
    "lon": -99.1332,
    "cityIata": "MEX",
    "destinationIata": "MEX",
    "isCoastal": false
  },
  {
    "id": "mx-cancun",
    "countryCode": "MX",
    "countryName": "Mexico",
    "regionName": "Caribbean Coast",
    "cityName": "Cancun",
    "lat": 21.1619,
    "lon": -86.8515,
    "cityIata": "CUN",
    "destinationIata": "CUN",
    "isCoastal": true
  },
  {
    "id": "mx-guadalajara",
    "countryCode": "MX",
    "countryName": "Mexico",
    "regionName": "Central West",
    "cityName": "Guadalajara",
    "lat": 20.6597,
    "lon": -103.3496,
    "cityIata": "GDL",
    "destinationIata": "GDL",
    "isCoastal": false
  },
  {
    "id": "mx-monterrey",
    "countryCode": "MX",
    "countryName": "Mexico",
    "regionName": "Northeast Inland",
    "cityName": "Monterrey",
    "lat": 25.6866,
    "lon": -100.3161,
    "cityIata": "MTY",
    "destinationIata": "MTY",
    "isCoastal": false
  },
  {
    "id": "mx-puerto-vallarta",
    "countryCode": "MX",
    "countryName": "Mexico",
    "regionName": "Pacific Coast",
    "cityName": "Puerto Vallarta",
    "lat": 20.6534,
    "lon": -105.2253,
    "cityIata": "PVR",
    "destinationIata": "PVR",
    "isCoastal": true
  },
  {
    "id": "it-rome",
    "countryCode": "IT",
    "countryName": "Italy",
    "regionName": "Central Italy",
    "cityName": "Rome",
    "lat": 41.9028,
    "lon": 12.4964,
    "cityIata": "ROM",
    "destinationIata": "FCO",
    "isCoastal": false
  },
  {
    "id": "it-milan",
    "countryCode": "IT",
    "countryName": "Italy",
    "regionName": "North Italy",
    "cityName": "Milan",
    "lat": 45.4642,
    "lon": 9.19,
    "cityIata": "MIL",
    "destinationIata": "MXP",
    "isCoastal": false
  },
  {
    "id": "it-naples",
    "countryCode": "IT",
    "countryName": "Italy",
    "regionName": "South Italy Coast",
    "cityName": "Naples",
    "lat": 40.8518,
    "lon": 14.2681,
    "cityIata": "NAP",
    "destinationIata": "NAP",
    "isCoastal": true
  },
  {
    "id": "it-palermo",
    "countryCode": "IT",
    "countryName": "Italy",
    "regionName": "Sicily",
    "cityName": "Palermo",
    "lat": 38.1157,
    "lon": 13.3615,
    "cityIata": "PMO",
    "destinationIata": "PMO",
    "isCoastal": true
  },
  {
    "id": "it-venice",
    "countryCode": "IT",
    "countryName": "Italy",
    "regionName": "Adriatic North",
    "cityName": "Venice",
    "lat": 45.4408,
    "lon": 12.3155,
    "cityIata": "VCE",
    "destinationIata": "VCE",
    "isCoastal": true
  },
  {
    "id": "fr-paris",
    "countryCode": "FR",
    "countryName": "France",
    "regionName": "Ile-de-France",
    "cityName": "Paris",
    "lat": 48.8566,
    "lon": 2.3522,
    "cityIata": "PAR",
    "destinationIata": "CDG",
    "isCoastal": false
  },
  {
    "id": "fr-lyon",
    "countryCode": "FR",
    "countryName": "France",
    "regionName": "Rhone Valley",
    "cityName": "Lyon",
    "lat": 45.764,
    "lon": 4.8357,
    "cityIata": "LYS",
    "destinationIata": "LYS",
    "isCoastal": false
  },
  {
    "id": "fr-marseille",
    "countryCode": "FR",
    "countryName": "France",
    "regionName": "Mediterranean South",
    "cityName": "Marseille",
    "lat": 43.2965,
    "lon": 5.3698,
    "cityIata": "MRS",
    "destinationIata": "MRS",
    "isCoastal": true
  },
  {
    "id": "fr-nice",
    "countryCode": "FR",
    "countryName": "France",
    "regionName": "French Riviera",
    "cityName": "Nice",
    "lat": 43.7102,
    "lon": 7.262,
    "cityIata": "NCE",
    "destinationIata": "NCE",
    "isCoastal": true
  },
  {
    "id": "fr-bordeaux",
    "countryCode": "FR",
    "countryName": "France",
    "regionName": "Atlantic Southwest",
    "cityName": "Bordeaux",
    "lat": 44.8378,
    "lon": -0.5792,
    "cityIata": "BOD",
    "destinationIata": "BOD",
    "isCoastal": false
  },
  {
    "id": "de-berlin",
    "countryCode": "DE",
    "countryName": "Germany",
    "regionName": "Northeast Germany",
    "cityName": "Berlin",
    "lat": 52.52,
    "lon": 13.405,
    "cityIata": "BER",
    "destinationIata": "BER",
    "isCoastal": false
  },
  {
    "id": "de-munich",
    "countryCode": "DE",
    "countryName": "Germany",
    "regionName": "Bavaria South",
    "cityName": "Munich",
    "lat": 48.1351,
    "lon": 11.582,
    "cityIata": "MUC",
    "destinationIata": "MUC",
    "isCoastal": false
  },
  {
    "id": "de-hamburg",
    "countryCode": "DE",
    "countryName": "Germany",
    "regionName": "North Germany",
    "cityName": "Hamburg",
    "lat": 53.5511,
    "lon": 9.9937,
    "cityIata": "HAM",
    "destinationIata": "HAM",
    "isCoastal": false
  },
  {
    "id": "de-frankfurt",
    "countryCode": "DE",
    "countryName": "Germany",
    "regionName": "Central Germany",
    "cityName": "Frankfurt",
    "lat": 50.1109,
    "lon": 8.6821,
    "cityIata": "FRA",
    "destinationIata": "FRA",
    "isCoastal": false
  },
  {
    "id": "de-cologne",
    "countryCode": "DE",
    "countryName": "Germany",
    "regionName": "West Germany",
    "cityName": "Cologne",
    "lat": 50.9375,
    "lon": 6.9603,
    "cityIata": "CGN",
    "destinationIata": "CGN",
    "isCoastal": false
  },
  {
    "id": "gb-london",
    "countryCode": "GB",
    "countryName": "United Kingdom",
    "regionName": "South England",
    "cityName": "London",
    "lat": 51.5074,
    "lon": -0.1278,
    "cityIata": "LON",
    "destinationIata": "LHR",
    "isCoastal": false
  },
  {
    "id": "gb-manchester",
    "countryCode": "GB",
    "countryName": "United Kingdom",
    "regionName": "Northwest England",
    "cityName": "Manchester",
    "lat": 53.4808,
    "lon": -2.2426,
    "cityIata": "MAN",
    "destinationIata": "MAN",
    "isCoastal": false
  },
  {
    "id": "gb-edinburgh",
    "countryCode": "GB",
    "countryName": "United Kingdom",
    "regionName": "Scotland East",
    "cityName": "Edinburgh",
    "lat": 55.9533,
    "lon": -3.1883,
    "cityIata": "EDI",
    "destinationIata": "EDI",
    "isCoastal": false
  },
  {
    "id": "gb-glasgow",
    "countryCode": "GB",
    "countryName": "United Kingdom",
    "regionName": "Scotland West",
    "cityName": "Glasgow",
    "lat": 55.8642,
    "lon": -4.2518,
    "cityIata": "GLA",
    "destinationIata": "GLA",
    "isCoastal": false
  },
  {
    "id": "gb-belfast",
    "countryCode": "GB",
    "countryName": "United Kingdom",
    "regionName": "Northern Ireland",
    "cityName": "Belfast",
    "lat": 54.5973,
    "lon": -5.9301,
    "cityIata": "BFS",
    "destinationIata": "BFS",
    "isCoastal": true
  },
  {
    "id": "pt-lisbon",
    "countryCode": "PT",
    "countryName": "Portugal",
    "regionName": "Lisbon Coast",
    "cityName": "Lisbon",
    "lat": 38.7223,
    "lon": -9.1393,
    "cityIata": "LIS",
    "destinationIata": "LIS",
    "isCoastal": true
  },
  {
    "id": "pt-porto",
    "countryCode": "PT",
    "countryName": "Portugal",
    "regionName": "North Portugal",
    "cityName": "Porto",
    "lat": 41.1579,
    "lon": -8.6291,
    "cityIata": "OPO",
    "destinationIata": "OPO",
    "isCoastal": true
  },
  {
    "id": "pt-faro",
    "countryCode": "PT",
    "countryName": "Portugal",
    "regionName": "Algarve",
    "cityName": "Faro",
    "lat": 37.0194,
    "lon": -7.9304,
    "cityIata": "FAO",
    "destinationIata": "FAO",
    "isCoastal": true
  },
  {
    "id": "pt-funchal",
    "countryCode": "PT",
    "countryName": "Portugal",
    "regionName": "Madeira",
    "cityName": "Funchal",
    "lat": 32.6669,
    "lon": -16.9241,
    "cityIata": "FNC",
    "destinationIata": "FNC",
    "isCoastal": true
  },
  {
    "id": "pt-ponta-delgada",
    "countryCode": "PT",
    "countryName": "Portugal",
    "regionName": "Azores",
    "cityName": "Ponta Delgada",
    "lat": 37.7412,
    "lon": -25.6756,
    "cityIata": "PDL",
    "destinationIata": "PDL",
    "isCoastal": true
  },
  {
    "id": "gr-athens",
    "countryCode": "GR",
    "countryName": "Greece",
    "regionName": "Attica",
    "cityName": "Athens",
    "lat": 37.9838,
    "lon": 23.7275,
    "cityIata": "ATH",
    "destinationIata": "ATH",
    "isCoastal": false
  },
  {
    "id": "gr-thessaloniki",
    "countryCode": "GR",
    "countryName": "Greece",
    "regionName": "Macedonia Coast",
    "cityName": "Thessaloniki",
    "lat": 40.6401,
    "lon": 22.9444,
    "cityIata": "SKG",
    "destinationIata": "SKG",
    "isCoastal": true
  },
  {
    "id": "gr-heraklion",
    "countryCode": "GR",
    "countryName": "Greece",
    "regionName": "Crete North",
    "cityName": "Heraklion",
    "lat": 35.3387,
    "lon": 25.1442,
    "cityIata": "HER",
    "destinationIata": "HER",
    "isCoastal": true
  },
  {
    "id": "gr-rhodes",
    "countryCode": "GR",
    "countryName": "Greece",
    "regionName": "Dodecanese",
    "cityName": "Rhodes",
    "lat": 36.434,
    "lon": 28.2176,
    "cityIata": "RHO",
    "destinationIata": "RHO",
    "isCoastal": true
  },
  {
    "id": "gr-corfu",
    "countryCode": "GR",
    "countryName": "Greece",
    "regionName": "Ionian Islands",
    "cityName": "Corfu",
    "lat": 39.6243,
    "lon": 19.9217,
    "cityIata": "CFU",
    "destinationIata": "CFU",
    "isCoastal": true
  },
  {
    "id": "tr-istanbul",
    "countryCode": "TR",
    "countryName": "Turkey",
    "regionName": "Marmara",
    "cityName": "Istanbul",
    "lat": 41.0082,
    "lon": 28.9784,
    "cityIata": "IST",
    "destinationIata": "IST",
    "isCoastal": true
  },
  {
    "id": "tr-ankara",
    "countryCode": "TR",
    "countryName": "Turkey",
    "regionName": "Central Anatolia",
    "cityName": "Ankara",
    "lat": 39.9334,
    "lon": 32.8597,
    "cityIata": "ANK",
    "destinationIata": "ESB",
    "isCoastal": false
  },
  {
    "id": "tr-izmir",
    "countryCode": "TR",
    "countryName": "Turkey",
    "regionName": "Aegean Coast",
    "cityName": "Izmir",
    "lat": 38.4237,
    "lon": 27.1428,
    "cityIata": "IZM",
    "destinationIata": "ADB",
    "isCoastal": true
  },
  {
    "id": "tr-antalya",
    "countryCode": "TR",
    "countryName": "Turkey",
    "regionName": "Mediterranean Coast",
    "cityName": "Antalya",
    "lat": 36.8969,
    "lon": 30.7133,
    "cityIata": "AYT",
    "destinationIata": "AYT",
    "isCoastal": true
  },
  {
    "id": "tr-trabzon",
    "countryCode": "TR",
    "countryName": "Turkey",
    "regionName": "Black Sea Coast",
    "cityName": "Trabzon",
    "lat": 41.0015,
    "lon": 39.7178,
    "cityIata": "TZX",
    "destinationIata": "TZX",
    "isCoastal": true
  },
  {
    "id": "in-delhi",
    "countryCode": "IN",
    "countryName": "India",
    "regionName": "North Plains",
    "cityName": "Delhi",
    "lat": 28.6139,
    "lon": 77.209,
    "cityIata": "DEL",
    "destinationIata": "DEL",
    "isCoastal": false
  },
  {
    "id": "in-mumbai",
    "countryCode": "IN",
    "countryName": "India",
    "regionName": "West Coast",
    "cityName": "Mumbai",
    "lat": 19.076,
    "lon": 72.8777,
    "cityIata": "BOM",
    "destinationIata": "BOM",
    "isCoastal": true
  },
  {
    "id": "in-bengaluru",
    "countryCode": "IN",
    "countryName": "India",
    "regionName": "South Plateau",
    "cityName": "Bengaluru",
    "lat": 12.9716,
    "lon": 77.5946,
    "cityIata": "BLR",
    "destinationIata": "BLR",
    "isCoastal": false
  },
  {
    "id": "in-kolkata",
    "countryCode": "IN",
    "countryName": "India",
    "regionName": "East India",
    "cityName": "Kolkata",
    "lat": 22.5726,
    "lon": 88.3639,
    "cityIata": "CCU",
    "destinationIata": "CCU",
    "isCoastal": false
  },
  {
    "id": "in-chennai",
    "countryCode": "IN",
    "countryName": "India",
    "regionName": "Southeast Coast",
    "cityName": "Chennai",
    "lat": 13.0827,
    "lon": 80.2707,
    "cityIata": "MAA",
    "destinationIata": "MAA",
    "isCoastal": true
  },
  {
    "id": "eg-cairo",
    "countryCode": "EG",
    "countryName": "Egypt",
    "regionName": "Nile Delta South",
    "cityName": "Cairo",
    "lat": 30.0444,
    "lon": 31.2357,
    "cityIata": "CAI",
    "destinationIata": "CAI",
    "isCoastal": false
  },
  {
    "id": "eg-alexandria",
    "countryCode": "EG",
    "countryName": "Egypt",
    "regionName": "Mediterranean Coast",
    "cityName": "Alexandria",
    "lat": 31.2001,
    "lon": 29.9187,
    "cityIata": "ALY",
    "destinationIata": "HBE",
    "isCoastal": true
  },
  {
    "id": "eg-luxor",
    "countryCode": "EG",
    "countryName": "Egypt",
    "regionName": "Upper Nile",
    "cityName": "Luxor",
    "lat": 25.6872,
    "lon": 32.6396,
    "cityIata": "LXR",
    "destinationIata": "LXR",
    "isCoastal": false
  },
  {
    "id": "eg-aswan",
    "countryCode": "EG",
    "countryName": "Egypt",
    "regionName": "Upper Nile South",
    "cityName": "Aswan",
    "lat": 24.0889,
    "lon": 32.8998,
    "cityIata": "ASW",
    "destinationIata": "ASW",
    "isCoastal": false
  },
  {
    "id": "eg-sharm-el-sheikh",
    "countryCode": "EG",
    "countryName": "Egypt",
    "regionName": "Red Sea Coast",
    "cityName": "Sharm El Sheikh",
    "lat": 27.9158,
    "lon": 34.33,
    "cityIata": "SSH",
    "destinationIata": "SSH",
    "isCoastal": true
  },
  {
    "id": "za-cape-town",
    "countryCode": "ZA",
    "countryName": "South Africa",
    "regionName": "Western Cape",
    "cityName": "Cape Town",
    "lat": -33.9249,
    "lon": 18.4241,
    "cityIata": "CPT",
    "destinationIata": "CPT",
    "isCoastal": true
  },
  {
    "id": "za-johannesburg",
    "countryCode": "ZA",
    "countryName": "South Africa",
    "regionName": "Gauteng Inland",
    "cityName": "Johannesburg",
    "lat": -26.2041,
    "lon": 28.0473,
    "cityIata": "JNB",
    "destinationIata": "JNB",
    "isCoastal": false
  },
  {
    "id": "za-durban",
    "countryCode": "ZA",
    "countryName": "South Africa",
    "regionName": "KwaZulu-Natal Coast",
    "cityName": "Durban",
    "lat": -29.8587,
    "lon": 31.0218,
    "cityIata": "DUR",
    "destinationIata": "DUR",
    "isCoastal": true
  },
  {
    "id": "za-pretoria",
    "countryCode": "ZA",
    "countryName": "South Africa",
    "regionName": "Gauteng North",
    "cityName": "Pretoria",
    "lat": -25.7479,
    "lon": 28.2293,
    "cityIata": "PRY",
    "destinationIata": "JNB",
    "isCoastal": false
  },
  {
    "id": "za-port-elizabeth",
    "countryCode": "ZA",
    "countryName": "South Africa",
    "regionName": "Eastern Cape Coast",
    "cityName": "Port Elizabeth",
    "lat": -33.9608,
    "lon": 25.6022,
    "cityIata": "PLZ",
    "destinationIata": "PLZ",
    "isCoastal": true
  },
  {
    "id": "ke-nairobi",
    "countryCode": "KE",
    "countryName": "Kenya",
    "regionName": "Central Highlands",
    "cityName": "Nairobi",
    "lat": -1.2921,
    "lon": 36.8219,
    "cityIata": "NBO",
    "destinationIata": "NBO",
    "isCoastal": false
  },
  {
    "id": "ke-mombasa",
    "countryCode": "KE",
    "countryName": "Kenya",
    "regionName": "Indian Ocean Coast",
    "cityName": "Mombasa",
    "lat": -4.0435,
    "lon": 39.6682,
    "cityIata": "MBA",
    "destinationIata": "MBA",
    "isCoastal": true
  },
  {
    "id": "ke-kisumu",
    "countryCode": "KE",
    "countryName": "Kenya",
    "regionName": "Lake Victoria",
    "cityName": "Kisumu",
    "lat": -0.0917,
    "lon": 34.768,
    "cityIata": "KIS",
    "destinationIata": "KIS",
    "isCoastal": false
  },
  {
    "id": "ke-eldoret",
    "countryCode": "KE",
    "countryName": "Kenya",
    "regionName": "Rift Valley",
    "cityName": "Eldoret",
    "lat": 0.5143,
    "lon": 35.2698,
    "cityIata": "EDL",
    "destinationIata": "EDL",
    "isCoastal": false
  },
  {
    "id": "ke-malindi",
    "countryCode": "KE",
    "countryName": "Kenya",
    "regionName": "North Coast",
    "cityName": "Malindi",
    "lat": -3.2192,
    "lon": 40.1169,
    "cityIata": "MYD",
    "destinationIata": "MYD",
    "isCoastal": true
  },
  {
    "id": "pe-lima",
    "countryCode": "PE",
    "countryName": "Peru",
    "regionName": "Central Coast",
    "cityName": "Lima",
    "lat": -12.0464,
    "lon": -77.0428,
    "cityIata": "LIM",
    "destinationIata": "LIM",
    "isCoastal": true
  },
  {
    "id": "pe-cusco",
    "countryCode": "PE",
    "countryName": "Peru",
    "regionName": "Andean Highlands",
    "cityName": "Cusco",
    "lat": -13.5319,
    "lon": -71.9675,
    "cityIata": "CUZ",
    "destinationIata": "CUZ",
    "isCoastal": false
  },
  {
    "id": "pe-arequipa",
    "countryCode": "PE",
    "countryName": "Peru",
    "regionName": "Southern Highlands",
    "cityName": "Arequipa",
    "lat": -16.409,
    "lon": -71.5375,
    "cityIata": "AQP",
    "destinationIata": "AQP",
    "isCoastal": false
  },
  {
    "id": "pe-iquitos",
    "countryCode": "PE",
    "countryName": "Peru",
    "regionName": "Amazon Lowlands",
    "cityName": "Iquitos",
    "lat": -3.7437,
    "lon": -73.2516,
    "cityIata": "IQT",
    "destinationIata": "IQT",
    "isCoastal": false
  },
  {
    "id": "pe-trujillo",
    "countryCode": "PE",
    "countryName": "Peru",
    "regionName": "North Coast",
    "cityName": "Trujillo",
    "lat": -8.1091,
    "lon": -79.0215,
    "cityIata": "TRU",
    "destinationIata": "TRU",
    "isCoastal": true
  },
  {
    "id": "co-bogota",
    "countryCode": "CO",
    "countryName": "Colombia",
    "regionName": "Andean Capital",
    "cityName": "Bogota",
    "lat": 4.711,
    "lon": -74.0721,
    "cityIata": "BOG",
    "destinationIata": "BOG",
    "isCoastal": false
  },
  {
    "id": "co-medellin",
    "countryCode": "CO",
    "countryName": "Colombia",
    "regionName": "Andean Valley",
    "cityName": "Medellin",
    "lat": 6.2442,
    "lon": -75.5812,
    "cityIata": "MDE",
    "destinationIata": "MDE",
    "isCoastal": false
  },
  {
    "id": "co-cartagena",
    "countryCode": "CO",
    "countryName": "Colombia",
    "regionName": "Caribbean Coast",
    "cityName": "Cartagena",
    "lat": 10.391,
    "lon": -75.4794,
    "cityIata": "CTG",
    "destinationIata": "CTG",
    "isCoastal": true
  },
  {
    "id": "co-cali",
    "countryCode": "CO",
    "countryName": "Colombia",
    "regionName": "Southwest Valleys",
    "cityName": "Cali",
    "lat": 3.4516,
    "lon": -76.532,
    "cityIata": "CLO",
    "destinationIata": "CLO",
    "isCoastal": false
  },
  {
    "id": "co-barranquilla",
    "countryCode": "CO",
    "countryName": "Colombia",
    "regionName": "Caribbean Delta",
    "cityName": "Barranquilla",
    "lat": 10.9639,
    "lon": -74.7964,
    "cityIata": "BAQ",
    "destinationIata": "BAQ",
    "isCoastal": true
  }
]
